,label
Sample_0000,0
Sample_0001,0
Sample_0002,0
Sample_0003,0
Sample_0004,0
Sample_0005,0
Sample_0006,0
Sample_0007,0
Sample_0008,0
Sample_0009,0
Sample_0010,0
Sample_0011,0
Sample_0012,0
Sample_0013,0
Sample_0014,0
Sample_0015,0
Sample_0016,0
Sample_0017,0
Sample_0018,0
Sample_0019,1
Sample_0020,1
Sample_0021,1
Sample_0022,0
Sample_0023,0
Sample_0024,0
Sample_0025,0
Sample_0026,0
Sample_0027,0
Sample_0028,0
Sample_0029,0
Sample_0030,0
Sample_0031,0
Sample_0032,0
Sample_0033,0
Sample_0034,0
Sample_0035,0
Sample_0036,0
Sample_0037,1
Sample_0038,0
Sample_0039,0
Sample_0040,0
Sample_0041,0
Sample_0042,0
Sample_0043,0
Sample_0044,0
Sample_0045,0
Sample_0046,1
Sample_0047,0
Sample_0048,1
Sample_0049,1
Sample_0050,1
Sample_0051,1
Sample_0052,1
Sample_0053,0
Sample_0054,0
Sample_0055,1
Sample_0056,0
Sample_0057,0
Sample_0058,1
Sample_0059,1
Sample_0060,1
Sample_0061,1
Sample_0062,0
Sample_0063,1
Sample_0064,0
Sample_0065,0
Sample_0066,1
Sample_0067,1
Sample_0068,1
Sample_0069,1
Sample_0070,0
Sample_0071,1
Sample_0072,0
Sample_0073,0
Sample_0074,1
Sample_0075,0
Sample_0076,1
Sample_0077,0
Sample_0078,0
Sample_0079,1
Sample_0080,1
Sample_0081,1
Sample_0082,0
Sample_0083,0
Sample_0084,1
Sample_0085,0
Sample_0086,0
Sample_0087,0
Sample_0088,1
Sample_0089,1
Sample_0090,1
Sample_0091,0
Sample_0092,1
Sample_0093,1
Sample_0094,0
Sample_0095,0
Sample_0096,1
Sample_0097,1
Sample_0098,1
Sample_0099,0
Sample_0100,0
Sample_0101,1
Sample_0102,1
Sample_0103,1
Sample_0104,1
Sample_0105,0
Sample_0106,1
Sample_0107,1
Sample_0108,0
Sample_0109,1
Sample_0110,1
Sample_0111,1
Sample_0112,1
Sample_0113,1
Sample_0114,1
Sample_0115,1
Sample_0116,1
Sample_0117,0
Sample_0118,0
Sample_0119,0
Sample_0120,1
Sample_0121,0
Sample_0122,0
Sample_0123,1
Sample_0124,1
Sample_0125,1
Sample_0126,0
Sample_0127,0
Sample_0128,1
Sample_0129,0
Sample_0130,1
Sample_0131,0
Sample_0132,0
Sample_0133,1
Sample_0134,0
Sample_0135,0
Sample_0136,1
Sample_0137,1
Sample_0138,0
Sample_0139,1
Sample_0140,1
Sample_0141,0
Sample_0142,1
Sample_0143,1
Sample_0144,1
Sample_0145,1
Sample_0146,0
Sample_0147,1
Sample_0148,1
Sample_0149,1
Sample_0150,1
Sample_0151,1
Sample_0152,1
Sample_0153,1
Sample_0154,1
Sample_0155,1
Sample_0156,0
Sample_0157,1
Sample_0158,1
Sample_0159,1
Sample_0160,1
Sample_0161,0
Sample_0162,0
Sample_0163,1
Sample_0164,0
Sample_0165,1
Sample_0166,1
Sample_0167,0
Sample_0168,0
Sample_0169,1
Sample_0170,1
Sample_0171,0
Sample_0172,0
Sample_0173,1
Sample_0174,1
Sample_0175,1
Sample_0176,1
Sample_0177,0
Sample_0178,1
Sample_0179,1
Sample_0180,0
Sample_0181,0
Sample_0182,0
Sample_0183,1
Sample_0184,0
Sample_0185,1
Sample_0186,0
Sample_0187,1
Sample_0188,1
Sample_0189,1
Sample_0190,0
Sample_0191,1
Sample_0192,1
Sample_0193,0
Sample_0194,0
Sample_0195,1
Sample_0196,0
Sample_0197,0
Sample_0198,0
Sample_0199,0
Sample_0200,1
Sample_0201,0
Sample_0202,0
Sample_0203,0
Sample_0204,1
Sample_0205,0
Sample_0206,1
Sample_0207,0
Sample_0208,1
Sample_0209,1
Sample_0210,0
Sample_0211,1
Sample_0212,0
Sample_0213,0
Sample_0214,0
Sample_0215,0
Sample_0216,1
Sample_0217,1
Sample_0218,0
Sample_0219,0
Sample_0220,1
Sample_0221,1
Sample_0222,1
Sample_0223,0
Sample_0224,1
Sample_0225,1
Sample_0226,1
Sample_0227,1
Sample_0228,1
Sample_0229,0
Sample_0230,0
Sample_0231,1
Sample_0232,1
Sample_0233,0
Sample_0234,1
Sample_0235,1
Sample_0236,0
Sample_0237,0
Sample_0238,1
Sample_0239,0
Sample_0240,1
Sample_0241,1
Sample_0242,1
Sample_0243,1
Sample_0244,0
Sample_0245,1
Sample_0246,1
Sample_0247,1
Sample_0248,1
Sample_0249,1
Sample_0250,0
Sample_0251,1
Sample_0252,0
Sample_0253,0
Sample_0254,0
Sample_0255,0
Sample_0256,0
Sample_0257,0
Sample_0258,0
Sample_0259,0
Sample_0260,0
Sample_0261,0
Sample_0262,0
Sample_0263,0
Sample_0264,0
Sample_0265,0
Sample_0266,1
Sample_0267,1
Sample_0268,1
Sample_0269,1
Sample_0270,1
Sample_0271,1
Sample_0272,0
Sample_0273,1
Sample_0274,0
Sample_0275,1
Sample_0276,1
Sample_0277,0
Sample_0278,1
Sample_0279,1
Sample_0280,0
Sample_0281,1
Sample_0282,0
Sample_0283,0
Sample_0284,1
Sample_0285,1
Sample_0286,1
Sample_0287,1
Sample_0288,1
Sample_0289,1
Sample_0290,1
Sample_0291,1
Sample_0292,1
Sample_0293,1
Sample_0294,1
Sample_0295,1
Sample_0296,1
Sample_0297,0
Sample_0298,1
Sample_0299,1
Sample_0300,0
Sample_0301,1
Sample_0302,0
Sample_0303,1
Sample_0304,1
Sample_0305,1
Sample_0306,1
Sample_0307,1
Sample_0308,1
Sample_0309,1
Sample_0310,1
Sample_0311,1
Sample_0312,1
Sample_0313,1
Sample_0314,1
Sample_0315,1
Sample_0316,1
Sample_0317,0
Sample_0318,1
Sample_0319,1
Sample_0320,1
Sample_0321,0
Sample_0322,1
Sample_0323,0
Sample_0324,1
Sample_0325,1
Sample_0326,1
Sample_0327,1
Sample_0328,0
Sample_0329,0
Sample_0330,0
Sample_0331,1
Sample_0332,1
Sample_0333,1
Sample_0334,1
Sample_0335,0
Sample_0336,1
Sample_0337,0
Sample_0338,1
Sample_0339,0
Sample_0340,1
Sample_0341,1
Sample_0342,1
Sample_0343,0
Sample_0344,1
Sample_0345,1
Sample_0346,1
Sample_0347,1
Sample_0348,1
Sample_0349,1
Sample_0350,1
Sample_0351,0
Sample_0352,0
Sample_0353,0
Sample_0354,1
Sample_0355,1
Sample_0356,1
Sample_0357,1
Sample_0358,1
Sample_0359,1
Sample_0360,1
Sample_0361,1
Sample_0362,1
Sample_0363,1
Sample_0364,1
Sample_0365,0
Sample_0366,0
Sample_0367,1
Sample_0368,0
Sample_0369,0
Sample_0370,0
Sample_0371,1
Sample_0372,0
Sample_0373,0
Sample_0374,1
Sample_0375,1
Sample_0376,1
Sample_0377,1
Sample_0378,1
Sample_0379,0
Sample_0380,1
Sample_0381,1
Sample_0382,1
Sample_0383,1
Sample_0384,1
Sample_0385,0
Sample_0386,1
Sample_0387,1
Sample_0388,1
Sample_0389,0
Sample_0390,1
Sample_0391,1
Sample_0392,0
Sample_0393,0
Sample_0394,1
Sample_0395,1
Sample_0396,1
Sample_0397,1
Sample_0398,1
Sample_0399,1
Sample_0400,0
Sample_0401,1
Sample_0402,1
Sample_0403,1
Sample_0404,1
Sample_0405,1
Sample_0406,1
Sample_0407,1
Sample_0408,0
Sample_0409,1
Sample_0410,1
Sample_0411,1
Sample_0412,1
Sample_0413,1
Sample_0414,0
Sample_0415,1
Sample_0416,1
Sample_0417,0
Sample_0418,1
Sample_0419,1
Sample_0420,1
Sample_0421,1
Sample_0422,1
Sample_0423,1
Sample_0424,1
Sample_0425,1
Sample_0426,1
Sample_0427,1
Sample_0428,1
Sample_0429,1
Sample_0430,0
Sample_0431,1
Sample_0432,0
Sample_0433,0
Sample_0434,1
Sample_0435,0
Sample_0436,1
Sample_0437,1
Sample_0438,1
Sample_0439,1
Sample_0440,1
Sample_0441,0
Sample_0442,1
Sample_0443,1
Sample_0444,0
Sample_0445,1
Sample_0446,0
Sample_0447,1
Sample_0448,1
Sample_0449,0
Sample_0450,1
Sample_0451,0
Sample_0452,1
Sample_0453,1
Sample_0454,1
Sample_0455,1
Sample_0456,1
Sample_0457,1
Sample_0458,1
Sample_0459,1
Sample_0460,0
Sample_0461,0
Sample_0462,1
Sample_0463,1
Sample_0464,1
Sample_0465,1
Sample_0466,1
Sample_0467,1
Sample_0468,0
Sample_0469,1
Sample_0470,1
Sample_0471,1
Sample_0472,1
Sample_0473,1
Sample_0474,1
Sample_0475,1
Sample_0476,1
Sample_0477,1
Sample_0478,1
Sample_0479,0
Sample_0480,1
Sample_0481,1
Sample_0482,1
Sample_0483,1
Sample_0484,1
Sample_0485,1
Sample_0486,1
Sample_0487,0
Sample_0488,1
Sample_0489,0
Sample_0490,1
Sample_0491,1
Sample_0492,0
Sample_0493,1
Sample_0494,1
Sample_0495,1
Sample_0496,1
Sample_0497,1
Sample_0498,0
Sample_0499,0
Sample_0500,1
Sample_0501,0
Sample_0502,1
Sample_0503,0
Sample_0504,1
Sample_0505,1
Sample_0506,1
Sample_0507,1
Sample_0508,1
Sample_0509,0
Sample_0510,1
Sample_0511,1
Sample_0512,0
Sample_0513,1
Sample_0514,0
Sample_0515,1
Sample_0516,0
Sample_0517,0
Sample_0518,1
Sample_0519,1
Sample_0520,1
Sample_0521,0
Sample_0522,1
Sample_0523,1
Sample_0524,1
Sample_0525,1
Sample_0526,1
Sample_0527,1
Sample_0528,1
Sample_0529,1
Sample_0530,1
Sample_0531,1
Sample_0532,1
Sample_0533,0
Sample_0534,1
Sample_0535,0
Sample_0536,0
Sample_0537,1
Sample_0538,1
Sample_0539,1
Sample_0540,1
Sample_0541,1
Sample_0542,1
Sample_0543,1
Sample_0544,1
Sample_0545,1
Sample_0546,1
Sample_0547,1
Sample_0548,1
Sample_0549,1
Sample_0550,1
Sample_0551,1
Sample_0552,1
Sample_0553,1
Sample_0554,1
Sample_0555,1
Sample_0556,1
Sample_0557,1
Sample_0558,1
Sample_0559,1
Sample_0560,1
Sample_0561,1
Sample_0562,0
Sample_0563,0
Sample_0564,0
Sample_0565,0
Sample_0566,0
Sample_0567,0
Sample_0568,1
